{"local": {"percentiles": {"p50": 13884800.0, "p90": 15503700.0, "p99": 15963200.0, "p99_9": 16047000.0, "mean": 13110629.203851176, "max": 16072000.0, "min": 523.146}, "box_plot": {"min": 523.146, "q1": 13661900.0, "median": 13884800.0, "q3": 14425600.0, "max": 16072000.0, "lowerfence": 12516350.0, "upperfence": 15571150.0}, "histogram": {"x": [105.92537251772886, 118.85022274370176, 133.35214321633225, 149.62356560944312, 167.8804018122557, 188.36490894897963, 211.34890398366412, 237.1373705661648, 266.07250597988, 298.5382618917948, 334.9654391578262, 375.8374042884424, 421.6965034285801, 473.1512589614779, 530.8844442309852, 595.6621435290067, 668.3439175686101, 749.8942093324505, 841.3951416451887, 944.0608762859158, 1059.2537251772799, 1188.502227437008, 1333.5214321633118, 1496.235656094419, 1678.8040181225435, 1883.6490894897809, 2113.4890398366238, 2371.3737056616287, 2660.7250597987786, 2985.3826189179235, 3349.654391578235, 3758.374042884393, 4216.965034285767, 4731.51258961474, 5308.844442309809, 5956.621435290018, 6683.439175686046, 7498.942093324443, 8413.951416451819, 9440.608762859081, 10592.537251772725, 11885.02227436997, 13335.214321633022, 14962.356560944052, 16788.040181225315, 18836.490894897637, 21134.890398366086, 23713.737056616068, 26607.250597987597, 29853.82618917896, 33496.54391578211, 37583.74042884359, 42169.65034285736, 47315.125896146965, 53088.4444230977, 59566.21435289963, 66834.39175685999, 74989.42093324375, 84139.51416451758, 94406.08762858994, 105925.37251772637, 118850.22274369873, 133352.14321632913, 149623.5656094393, 167880.40181225177, 188364.9089489748, 211348.90398365914, 237137.37056615873, 266072.50597987376, 298538.2618917872, 334965.4391578183, 375837.4042884328, 421696.50342857017, 473151.2589614658, 530884.4442309727, 595662.1435289915, 668343.9175685943, 749894.2093324313, 841395.1416451689, 944060.8762858917, 1059253.725177255, 1188502.2274369777, 1333521.4321632804, 1496235.656094381, 1678804.018122504, 1883649.0894897326, 2113489.0398365743, 2371373.705661568, 2660725.059798716, 2985382.618917847, 3349654.391578156, 3758374.042884297, 4216965.034285667, 4731512.589614619, 5308844.442309684, 5956621.435289865, 6683439.175685889, 7498942.0933242515, 8413951.41645162, 9440608.76285884, 10592537.251772463, 11885022.27436968, 13335214.321632694, 14962356.560943685, 16788040.1812249, 18836490.894897174, 21134890.39836557, 23713737.056615487, 26607250.597986944, 29853826.18917823, 33496543.915781286, 37583740.428842664, 42169650.342856325, 47315125.896145806, 53088444.4230964, 59566214.35289817, 66834391.75685834, 74989420.9332419, 84139514.16451551], "y": [0, 0, 0, 0, 0, 0, 0, 0, 0, 0, 0, 0, 0, 0, 1, 0, 1, 1, 0, 1, 0, 1, 0, 1, 2, 1, 2, 1, 3, 4, 3, 2, 3, 5, 3, 7, 7, 5, 6, 11, 16, 26, 56, 29, 11, 19, 25, 21, 25, 48, 37, 40, 70, 17, 0, 70, 89, 65, 38, 41, 46, 84, 229, 185, 177, 217, 223, 240, 194, 450, 267, 457, 424, 580, 470, 558, 693, 747, 779, 820, 1585, 1902, 1917, 1657, 2035, 169, 0, 2054, 2873, 3202, 2104, 1735, 1975, 2190, 2456, 4864, 14920, 21715, 23700, 26708, 29381, 32421, 407906, 379300, 22577, 0, 0, 0, 0, 0, 0, 0, 0, 0, 0, 0, 0, 0, 0]}}, "cross": {"percentiles": {"p50": 34390100.0, "p90": 35561110.0, "p99": 36778400.0, "p99_9": 36909100.0, "mean": 31016570.04848598, "max": 36929100.0, "min": 1052.97}, "box_plot": {"min": 1052.97, "q1": 32906000.0, "median": 34390100.0, "q3": 35039700.0, "max": 36929100.0, "lowerfence": 29705450.0, "upperfence": 36929100.0}, "histogram": {"x": [105.92537251772886, 118.85022274370176, 133.35214321633225, 149.62356560944312, 167.8804018122557, 188.36490894897963, 211.34890398366412, 237.1373705661648, 266.07250597988, 298.5382618917948, 334.9654391578262, 375.8374042884424, 421.6965034285801, 473.1512589614779, 530.8844442309852, 595.6621435290067, 668.3439175686101, 749.8942093324505, 841.3951416451887, 944.0608762859158, 1059.2537251772799, 1188.502227437008, 1333.5214321633118, 1496.235656094419, 1678.8040181225435, 1883.6490894897809, 2113.4890398366238, 2371.3737056616287, 2660.7250597987786, 2985.3826189179235, 3349.654391578235, 3758.374042884393, 4216.965034285767, 4731.51258961474, 5308.844442309809, 5956.621435290018, 6683.439175686046, 7498.942093324443, 8413.951416451819, 9440.608762859081, 10592.537251772725, 11885.02227436997, 13335.214321633022, 14962.356560944052, 16788.040181225315, 18836.490894897637, 21134.890398366086, 23713.737056616068, 26607.250597987597, 29853.82618917896, 33496.54391578211, 37583.74042884359, 42169.65034285736, 47315.125896146965, 53088.4444230977, 59566.21435289963, 66834.39175685999, 74989.42093324375, 84139.51416451758, 94406.08762858994, 105925.37251772637, 118850.22274369873, 133352.14321632913, 149623.5656094393, 167880.40181225177, 188364.9089489748, 211348.90398365914, 237137.37056615873, 266072.50597987376, 298538.2618917872, 334965.4391578183, 375837.4042884328, 421696.50342857017, 473151.2589614658, 530884.4442309727, 595662.1435289915, 668343.9175685943, 749894.2093324313, 841395.1416451689, 944060.8762858917, 1059253.725177255, 1188502.2274369777, 1333521.4321632804, 1496235.656094381, 1678804.018122504, 1883649.0894897326, 2113489.0398365743, 2371373.705661568, 2660725.059798716, 2985382.618917847, 3349654.391578156, 3758374.042884297, 4216965.034285667, 4731512.589614619, 5308844.442309684, 5956621.435289865, 6683439.175685889, 7498942.0933242515, 8413951.41645162, 9440608.76285884, 10592537.251772463, 11885022.27436968, 13335214.321632694, 14962356.560943685, 16788040.1812249, 18836490.894897174, 21134890.39836557, 23713737.056615487, 26607250.597986944, 29853826.18917823, 33496543.915781286, 37583740.428842664, 42169650.342856325, 47315125.896145806, 53088444.4230964, 59566214.35289817, 66834391.75685834, 74989420.9332419, 84139514.16451551], "y": [0, 0, 0, 0, 0, 0, 0, 0, 0, 0, 0, 0, 0, 0, 0, 0, 0, 0, 0, 0, 1, 0, 0, 0, 1, 1, 0, 1, 1, 0, 1, 1, 0, 1, 2, 8, 23, 26, 14, 30, 43, 63, 18, 7, 9, 0, 0, 0, 0, 0, 23, 17, 13, 10, 10, 13, 27, 20, 26, 54, 47, 44, 91, 87, 53, 37, 44, 47, 56, 112, 150, 296, 240, 215, 349, 387, 312, 295, 426, 519, 590, 668, 588, 956, 959, 971, 1247, 1103, 1446, 1684, 1789, 1647, 799, 2748, 3001, 4414, 3126, 3371, 3950, 4598, 5037, 8658, 13467, 14501, 14785, 16397, 21609, 26994, 31044, 40866, 654042, 108674, 0, 0, 0, 0, 0, 0, 0]}}}